,Revenue per Share,Net Income per Share,Operating Cash Flow per Share,Free Cash Flow per Share,Cash per Share,Book Value per Share,Tangible Book Value per Share,Shareholders Equity per Share,Interest Debt per Share,Market Cap,Enterprise Value,PE ratio,Price to Sales Ratio,POCF ratio,PFCF ratio,PB ratio,PTB ratio,EV to Sales,Enterprise Value over EBITDA,EV to Operating cash flow,EV to Free cash flow,Earnings Yield,Free Cash Flow Yield,Debt to Equity,Debt to Assets,Net Debt to EBITDA,Current ratio,Interest Coverage,Income Quality,Dividend Yield,Payout Ratio,SG&A to Revenue,R&D to Revenue,Intangibles to Total Assets,Capex to Operating Cash Flow,Capex to Revenue,Capex to Depreciation,Stock-based compensation to Revenue,Graham Number,Graham Net-Net,Working Capital,Tangible Asset Value,Net Current Asset Value,Invested Capital,Average Receivables,Average Payables,Average Inventory,Capex per Share
2020-03,0.13290500208543682,0.025638337394047275,0.03033797751374907,0.026114683070583494,0.09156321152710954,0.17874358699690263,0.7302447596277667,0.17874358699690263,0.2284521956344856,0.12424281968999999,0.13017321968999998,1.1044787953595876,0.21306195820828971,0.9333845668244308,1.0843325160586492,0.15842246693018808,0.15842246693018808,0.22323190316053024,0.8323628089391905,0.9779371924723914,1.1360902399197068,9.054044352878932e-05,9.222263329654799e-05,0.030854319413452347,0.007552278401997503,0.03792058315749089,0.014959622869273837,0.16978863936591812,0.01183305182682905,2.71645476850977e-05,0.0030002666903724768,0.0008492102961603759,0.0008492102961603759,0.0,0.07183486238532111,0.31469508904479226,0.015035078251484082,0.00029101572548145355,0.32110821974078874,-0.3064691845372268,0.0047659,0.0,-0.0098222,0.0,0.0018345999999999998,0.0038765999999999996,0.00037154999999999995,0.004223294443165579
2019-12,0.20796867072552006,0.05036420961078496,0.06911828658404001,0.06434596289048344,0.09008072407045009,0.20278638472131622,0.771494708994709,0.20278638472131622,0.23575550844386464,0.1364026608,0.1427557608,0.6134316459794927,0.14855602957993447,0.4469873535194653,0.48013890246048796,0.1523524374797556,0.1523524374797556,0.1554751857458696,0.5029267599084022,0.4678062681871804,0.5025018860220353,0.0001630173478258131,0.00020827306324804483,0.028044699601255427,0.007371512955862579,0.022381891844283956,0.015977819324399723,0.32571974522292985,0.01372369131138694,2.5945241678159408e-05,0.0015915632307969062,0.0005660048573824589,0.0005660048573824589,0.0,0.14483151400094924,0.4357807308970099,0.01336497389653536,0.00018623596423398208,0.47937089992212406,-0.28572561063999424,0.006107,0.0,-0.0087856,0.0,0.002097,0.0045111,0.0004097,0.00477232369355657
2019-09,0.1386797359974395,0.029637271500014942,0.04311545196297658,0.03710181006939617,0.10577253318330626,0.1959533408953202,0.733062297172224,0.1959533408953202,0.22278193629307594,0.11500715577,0.12032945577,0.8403270186321788,0.1795864393660212,0.5776351369663487,0.6712610504289969,0.12709658271815044,0.12709658271815044,0.18789733880387252,0.6399141447032546,0.6043669300351582,0.7023256625809841,0.00011900129090550066,0.0001489733389656542,0.027410043320661305,0.007326921031797611,0.0283040842373963,0.01540125617208044,0.1929012345679013,0.014547712991378048,3.0250291616267484e-05,0.002542013736665205,0.0007148657089319176,0.0007148657089319176,0.0,0.07169607490097227,0.23060857039971194,0.011447605329492261,0.00023407245471580263,0.3614820233740755,-0.2776702237455915,0.0057101,0.033851599999999996,-0.0085209,0.0292001,0.0021948,0.0045673499999999995,0.00041014999999999997,0.00601364189358041
2019-06,0.11546562092625275,0.021552838680950825,0.024969019403777756,0.02067733507861829,0.10842940447515384,0.20697935163379055,0.69147403262753,0.20697935163379055,0.2131486478512073,0.09771454939999999,0.1025080494,0.9728648884906413,0.18159517813005266,0.8397606514266073,1.0140571751764216,0.10130479120013273,0.10130479120013273,0.19050353918489468,0.7080752186226428,0.8809560794087317,1.0638029202988792,0.00010278919630365711,9.861376897471524e-05,0.02340787509330679,0.007006693789392345,0.03311114181114872,0.015046486221350219,0.13330254041570438,0.011585025886101157,3.7138788668455964e-05,0.0036131023496614894,0.0008225389804679514,0.0008225389804679514,0.0,0.058179999999999996,0.269045,0.014665,0.0002780204055083722,0.31681592914679163,-0.2550987892085597,0.0045268999999999995,0.0322239,-0.009080999999999999,0.029042299999999997,0.0017559,0.0037113,0.0003726,0.004291684325159463
2019-03,0.12330643610074082,0.02457201943912203,0.023709097555869408,0.018686722161470538,0.08074058251477967,0.22499731665301081,0.7268905375089401,0.22499731665301081,0.21618956225843236,0.096267879645,0.10253967964499999,0.8326950925092986,0.16593618830474877,0.8630020586732406,1.094948585589172,0.09093886231343283,0.09093886231343283,0.17674684072222704,0.6231521096627166,0.9192261734199914,1.166283890411738,0.00012009197712292669,9.132848913284071e-05,0.022306631399962216,0.0069046602611711186,0.03811485870556062,0.013153819903595956,0.13282178217821783,0.009648819306288385,3.576478481396389e-05,0.002978116079923882,0.000768421959837973,0.000768421959837973,0.0,0.04720694033008886,0.2455141768937791,0.012865002115954297,0.00026096699129535473,0.3526958532040485,-0.30242702093223195,0.0029574,0.034199799999999995,-0.0112792,0.0322868,0.0018027499999999999,0.0037776999999999997,0.00044905,0.005022375394398871
2018-12,0.17802619187384658,0.04215742996988906,0.056357716298339036,0.049273409884666226,0.09453695452952181,0.248936826146264,0.7891326106144237,0.248936826146264,0.21886600419779467,0.0740208666,0.0798198666,0.370753151014275,0.08779606997983631,0.27733558111652307,0.3172096275980287,0.06278701404675466,0.06278701404675466,0.09467425762068557,0.29849245203993874,0.2990628197826901,0.3420607096635955,0.0002697212410101667,0.00031524894359991187,0.021700115359820853,0.006845437347311751,0.02168580083018586,0.01300555027104901,0.26231460674157303,0.01336839469070874,4.820262398819308e-05,0.0017871274730778867,0.0005673111137468865,0.0005673111137468865,0.0,0.07955290611028316,0.2512965722801789,0.010119225037257824,0.00018491282172933217,0.48592908777075744,-0.3238050643816699,0.0032545,0.0373719,-0.011499899999999999,0.0335395,0.0019523499999999998,0.0044702,0.00045424999999999996,0.007084306413672818
2018-09,0.1269328246872034,0.028504390281506337,0.03939760789138748,0.03326083968989645,0.05229269135325122,0.21622371012336697,0.7380366821737278,0.21622371012336697,0.20863599278117487,0.105172921448,0.112833521448,0.7445870544991151,0.16720655238155804,0.5387129101470061,0.6381077626987016,0.09815759792434695,0.09815759792434695,0.17938556668998412,0.5978885197541332,0.5779517566357629,0.6845863453949764,0.00013430263042549156,0.0001567133419237488,0.024133013523477093,0.0070702850502426685,0.040592412038999576,0.011238426916297296,0.18569124423963132,0.013821592920353983,3.356377241783966e-05,0.0024991150442477883,0.0006702702702702702,0.0006702702702702702,0.0,0.0641992765537652,0.20683985531075305,0.009056231502795133,0.0002138314785373609,0.3723906725243185,-0.34893308823930047,0.0014472999999999999,0.0365725,-0.0127239,0.0338366,0.0022077999999999998,0.00504995,0.00040265,0.006136768201491026
2018-06,0.10638871578543695,0.023007446111563846,0.028937570905837054,0.022412236549861783,0.06385719764153205,0.2295931003627183,0.6974677628109871,0.2295931003627183,0.20666954284709907,0.09508110024,0.10214660024,0.8254284246896431,0.1785057734722613,0.6562748498067366,0.8473496144728635,0.08271590030361291,0.08271590030361291,0.19177058150755655,0.6686299681874713,0.7050427956929873,0.9103163732287677,0.0001211492081068077,0.0001180150415979242,0.020378428694464504,0.006708190505645812,0.04624926359887414,0.013073248407643312,0.14907801418439715,0.012577480684087159,3.841983307701783e-05,0.003171282229360188,0.0007712381488782503,0.0007712381488782503,0.0,0.04434649525558616,0.1630394857667585,0.008157330884603612,0.000253637473012297,0.3447504820795723,-0.2990668392374926,0.0027213,0.0349197,-0.011848699999999998,0.0343278,0.0017537,0.00418,0.00050165,0.006525334355975266
2018-03,0.12061251436955367,0.02726836733264587,0.029848820557295035,0.021876640526096804,0.08889345707145782,0.2503079084381018,0.725016606242369,0.2503079084381018,0.21829687325220165,0.08376826130199999,0.09024836130200001,0.6060502192302127,0.13701729116901387,0.5536567171315268,0.7554176328072866,0.06602268423367329,0.06602268423367329,0.1476166009159756,0.48434691838136645,0.5964861949900859,0.8138548228154027,0.00016500282786303927,0.00013237710593063542,0.018964989990384463,0.006547556203775762,0.03477754521547792,0.014560344827586209,0.20068181818181818,0.010946317464911008,3.808124879779303e-05,0.002307914918246274,0.0006788033433109246,0.0006788033433109246,0.0,0.0374412274189557,0.15129175946547885,0.006778025241276912,0.0002204884112730425,0.39188452362273773,-0.27246666273417175,0.0040733,0.0367502,-0.011057099999999999,0.035496299999999995,0.0017647,0.0039711,0.00058795,0.007972180031198232
2017-12,0.17268751037820781,0.03924404987641986,0.05533675071784438,0.049539623190622425,0.0537681622303842,0.2742076525603882,0.7799053253187982,0.2742076525603882,0.21740010565480067,0.08587588209199999,0.094168782092,0.4279884480039871,0.09726239010114052,0.3035234230799138,0.33904173908168506,0.06125284923002305,0.06125284923002305,0.10665486742097334,0.32450732999758786,0.3328342066659598,0.37178247104899526,0.00023365116620873937,0.0002949489354049918,0.019015470866411317,0.006553562736913524,0.02857748371756436,0.012420112619615158,0.35795640326975475,0.014100672813356592,3.888169668432499e-05,0.0016640917019686023,0.00047919993657481334,0.00047919993657481334,0.00019759386814948102,0.09545546558704454,0.29788461538461536,0.009261133603238868,0.00014678400326186675,0.49205987730707884,-0.3318122067086691,0.0028022,0.0132161,-0.0122785,0.0377877,0.0022205,0.0054047999999999995,0.0004259,0.005797127527221954
2017-09,0.10077930063431983,0.020535754331503116,0.030008192067763007,0.02234130600037337,0.03888836285531705,0.2569307691688444,0.70401948002412,0.2569307691688444,0.20004630799184703,0.08698185862399999,0.09532325862399998,0.8118523298861301,0.16543079675155478,0.5555816212570261,0.7462410657515445,0.06488907519302932,0.06488907519302932,0.18129530539569033,0.6108898912073828,0.6088608752171691,0.81780420919698,0.0001231751099538335,0.00013400495441682686,0.01799906003118309,0.006428451530564666,0.05345680594719303,0.012760628484139107,0.196996996996997,0.014612656337502335,3.7594046065805074e-05,0.003052081388837036,0.0007253846592746152,0.0007253846592746152,0.00021355167204431432,0.03914,0.1314475,0.00621,0.0002232830597767169,0.3445518988581391,-0.2899194631953051,0.0027830999999999997,0.012603199999999998,-0.011262699999999999,0.0369896,0.0019421999999999998,0.0047079999999999995,0.0004476,0.007666886067389629
2017-07,0.08665901886066521,0.016635981928479975,0.015960389683133878,0.011456441380826582,0.03544187454328342,0.2527268448868832,0.6432783247297107,0.2527268448868832,0.1850454793813636,0.077932244431,0.085711044431,0.8940259771825169,0.1716266834720754,0.931869477830922,1.2982216297018159,0.05885009962695865,0.05885009962695865,0.18875758551576816,0.6531858286160646,1.0248839463230899,1.4278035054306182,0.00011185357310885481,7.70284500828789e-05,0.016065546535774966,0.006163518004015378,0.05928059746989787,0.01388342230203439,0.17887043189368773,0.009593896982906965,4.317853315490379e-05,0.003860273029712057,0.0008331131078224102,0.0008331131078224102,0.0002348097910323229,0.0354364406779661,0.19240677966101696,0.00997457627118644,0.0002627290345313601,0.3075680128825962,-0.23877939565792666,0.0031572999999999996,0.012431999999999999,-0.0099873,0.0345534,0.00166845,0.0038512999999999998,0.00036215,0.0045039483023073
2017-04,0.1005201981062767,0.02095881096706983,0.023797913658592393,0.018068399190760722,0.028803399929991605,0.2548009150500188,0.6203496391071004,0.2548009150500188,0.16924396633667957,0.077133708708,0.084471008708,0.6993717354973253,0.14582143963248642,0.6159363467859139,0.811250617458982,0.05752726593278741,0.05752726593278741,0.15969262081820937,0.5141579445370993,0.6745269400942268,0.8884203692469501,0.0001429854752835982,0.00012326647012389624,0.014949806834623589,0.005991952937237694,0.0446606610262341,0.013906083826456875,0.26598113207547175,0.011354610572128023,3.894535930292222e-05,0.002723728352525161,0.0007028886872353298,0.0007028886872353298,0.00024183037796085284,0.041535655058043124,0.17544278606965175,0.0077346600331674965,0.00023007410768300057,0.34663712263304924,-0.23413998182518203,0.0028648,0.0125992,-0.009845999999999999,0.033646499999999996,0.00162745,0.0036842,0.00035035,0.005729514467831674
2016-12,0.14786943342855866,0.03376513424806758,0.051061956973658076,0.044607496120246226,0.030896484979884536,0.24985557672023176,0.6093426244856956,0.24985557672023176,0.14641623610191332,0.064447613743,0.070516113743,0.36022365291487346,0.08225499833186557,0.2382008195705204,0.27266717610001695,0.048680122171614174,0.048680122171614174,0.09000027280187872,0.2676539654710393,0.2606302252476345,0.29834199417414126,0.0002776053132291999,0.0003667474810511077,0.015012538711383035,0.00600200518812228,0.02303385713201245,0.012282420064186379,0.44493333333333335,0.015122687384718574,4.8566577072684345e-05,0.0017494829802694092,0.0005036310959655909,0.0005036310959655909,0.000249772755412347,0.07911111111111112,0.2290964912280702,0.00873391812865497,0.00016030427180252962,0.4356824067347762,-0.23855130569779803,0.0019202,0.0124119,-0.009541899999999999,0.030991799999999996,0.0017513499999999998,0.0041810499999999995,0.00034044999999999995,0.006454460853411835
2016-09,0.08563981267890372,0.01647650626414322,0.02947638562409292,0.022095408000994365,0.0374422847032072,0.23442372441425602,0.5722469392156935,0.23442372441425602,0.14509159504425295,0.0643641973,0.07020849729999999,0.7140470079875749,0.13737769422863483,0.39913306027533174,0.5324635779285243,0.05018689993684161,0.05018689993684161,0.14985165478528134,0.4906597057795793,0.4353745336723304,0.5808115263070814,0.0001400468020751655,0.00018780627285163083,0.015082924623193944,0.006013224075651412,0.04084352505416172,0.01352669417512594,0.2613555555555555,0.01788994896827158,4.8039129356158386e-05,0.0034302196583092964,0.0007431913258772305,0.0007431913258772305,0.0002679631690530517,0.03993561168895493,0.1160277365032194,0.0063100544824170384,0.0002198412020831555,0.2947980481362515,-0.20728245491535088,0.0027863,0.011962899999999999,-0.0086568,0.0300608,0.0018361999999999999,0.00412025,0.00031145,0.007380977623098548
2016-06,0.07693822273758977,0.014160498240291086,0.019315384593029172,0.014038800782351177,0.03312532149925456,0.2298465376891578,0.5391651481730123,0.2298465376891578,0.13231964800009302,0.053590108704,0.059010308704,0.6874051911749615,0.12651708934321737,0.5039506178672183,0.6933640665545349,0.042349996209924065,0.042349996209924065,0.13931325535672126,0.4671863566146782,0.5549210899379349,0.7634921555699314,0.0001454746069477202,0.0001442243762312634,0.014150433456350116,0.005859287570107526,0.042911883461325316,0.013115994740228856,0.24706601466992667,0.013640328373524885,5.946992975146028e-05,0.0040879938429964095,0.0008123613012890127,0.0008123613012890127,0.00028687639478799226,0.03660585197934596,0.1458106712564544,0.008695352839931154,0.0002488313895840219,0.27061353177714004,-0.19544975021142666,0.0022275,0.011777399999999999,-0.00853,0.029204699999999997,0.0016342,0.00357145,0.0002964,0.00527658381067799
2016-03,0.09131324033857259,0.018993414075210744,0.020953080704309603,0.016258911516265413,0.038857389731274616,0.23562417459202809,0.5349528668568175,0.23562417459202809,0.13039459197031567,0.058179181248,0.063215181248,0.5532444013693418,0.11507641127440314,0.5015014330488752,0.646291726816263,0.04459644269606077,0.04459644269606077,0.12503744535474812,0.3839600415937804,0.5449114839065597,0.7022348505665407,0.0001807519420937452,0.0001547288876690656,0.013400584100508213,0.005726602397167164,0.03058794946550049,0.012831172636050686,0.4357320872274144,0.011031761125903384,4.988038569380453e-05,0.002759604412324078,0.0006770575785746781,0.0006770575785746781,0.0002978278743567318,0.04463639861485187,0.19452481723739898,0.009530588687956908,0.0002072907807029689,0.31732383942671744,-0.19727566603379373,0.0019326999999999999,0.0121365,-0.0087228,0.0286278,0.0016599499999999999,0.0035104499999999996,0.0003189,0.004694169188044191
2015-12,0.13648669797964716,0.033029737737298365,0.04940339237946871,0.04219696956068884,0.030021964658666325,0.23074044825173193,0.5111739129652649,0.23074044825173193,0.10070283309917556,0.055277999919999994,0.059179499919999996,0.30106203322259134,0.07285691680725433,0.2012817242107563,0.2356567332565972,0.04309604178783319,0.04309604178783319,0.07799913000843527,0.21817327159447003,0.21548811098568985,0.2522892949652556,0.0003321574591441912,0.00042434603339389424,0.012865117294393727,0.005626525824797807,0.014383410138248849,0.010016690322241496,0.8757608695652174,0.014957246337345461,5.37103369205982e-05,0.001617014323838571,0.0005071699704765921,0.0005071699704765921,0.0003111659688220292,0.068554667998003,0.18939590614078883,0.007373939091362956,0.00014208140025305779,0.4141004359460163,-0.20867819886201122,1.2699999999999999e-05,0.011914099999999999,-0.0088798,0.025434,0.00169615,0.00392115,0.0003274,0.007206422818779873
2015-09,0.08951369976228056,0.019334583719842507,0.023420848222301133,0.017062891799505025,0.03670859476474953,0.20745048902209662,0.48922197767206677,0.20745048902209662,0.09768275257451176,0.066325437288,0.069809737288,0.5962373003236247,0.12878475619502536,0.4922110373877551,0.6756181856779059,0.05556988587658666,0.05556988587658666,0.1355502558940603,0.39347163390824047,0.5180685513024118,0.7111106986655801,0.0001677184569729572,0.00014801259368064733,0.01433739684135562,0.0058910971188967185,0.01963871040468944,0.011087706239920605,0.6144117647058822,0.012113448399856166,4.468873664759486e-05,0.002664509169363538,0.0007194035067280249,0.0007194035067280249,0.00031014290189652265,0.03683706943685074,0.14079004920721705,0.00852651722252597,0.00017766645307858102,0.3004110501857412,-0.20111816952036013,0.0008768,0.011034599999999999,-0.008174599999999999,0.0243934,0.00189095,0.004030049999999999,0.0003223,0.006357956422796108
2015-06,0.08568952906948825,0.01844384844017591,0.02589083079716742,0.02228221420153873,0.026462612555498245,0.21709914212007003,0.45661005624190476,0.21709914212007003,0.0865791592977069,0.071070595394,0.074530595394,0.6656419911398335,0.1432730478661425,0.4741833159460902,0.5509775594542213,0.05655020042967289,0.05655020042967289,0.1502481511823405,0.434150378015961,0.4972684507205765,0.5778013442437397,0.00015023090690051243,0.00018149559502760233,0.01173436667011466,0.005398991766458845,0.020154948447602957,0.010868193306272499,0.7006467661691542,0.014037651025568981,4.295728751215364e-05,0.0028594174393556243,0.000718475960084669,0.000718475960084669,0.00032300815299962296,0.07174724748683581,0.23745811393011015,0.014763044518908568,0.00017256324967241212,0.3001553475443717,-0.17960597845332862,0.0005668,0.011685399999999999,-0.007652099999999999,0.023814199999999997,0.0015669999999999998,0.00357925,0.00030695,0.0036086165956286846
2015-03,0.09970024616559661,0.023320679886588182,0.032794007879430244,0.028538572445780584,0.024901859449979812,0.22171918560315385,0.433830986685265,0.22171918560315385,0.07568006618955146,0.077181619865,0.080119819865,0.5688084594664309,0.1330488189363903,0.4044946274566323,0.464809514393255,0.05982793037920718,0.05982793037920718,0.1381138077314256,0.3859894005154887,0.4198931914731932,0.4825041846732912,0.00017580610543979026,0.00021514189555808957,0.010246655194332046,0.005060912578390009,0.014155224743460038,0.011560046995521805,1.1213496932515337,0.014062200604318667,3.5539549504115604e-05,0.0020215196403566955,0.0005964488881227375,0.0005964488881227375,0.0003358423240962656,0.0770638126009693,0.23428917609046848,0.010012116316639742,0.0001598000344768143,0.34108569073436534,-0.15419121720062123,0.0009161999999999999,0.0120234,-0.0064297,0.022307499999999997,0.00159375,0.0034135,0.00032465,0.004255435433649666
2014-12,0.1276706368317268,0.030846734651336402,0.05771269340392622,0.05212488888569423,0.03333514744444798,0.21106669391256191,0.4328109720178495,0.21106669391256191,0.06252522213448314,0.06608525742,0.06777775742,0.36665145039946745,0.088587323449376,0.19597075327679256,0.21697887979774766,0.05358495833873897,0.05358495833873897,0.09085612061823886,0.2527040655456545,0.20098973198505427,0.2225358946055094,0.00027273859108166583,0.0004608743491219649,0.011235566943435391,0.005290919226862777,0.0063103538272249364,0.011330235970167501,1.850839694656489,0.01870949844651576,4.238464234463748e-05,0.0015540390590324013,0.0004825801954449792,0.0004825801954449792,0.00034361230116001135,0.10328330781010721,0.22848085758039807,0.007886676875957122,0.00011903644820976152,0.38274163840540254,-0.15818663848975592,0.0009792,0.0114329,-0.0055163,0.0196209,0.00188395,0.0041556,0.000319,0.005587804518231988
2014-09,0.06921781551512331,0.013913236093501152,0.02177280952390342,0.01544308406835052,0.02274888868293728,0.1832974780349325,0.3665735940680679,0.1832974780349325,0.05818680643331473,0.06396544729199999,0.066110547292,0.7554676661391284,0.15185396883412863,0.48275809276981146,0.6806282963609279,0.05734394227724637,0.05734394227724637,0.1569464361322793,0.5033542507385411,0.4989475267320755,0.7034533655245797,0.00013236833882124588,0.0001469230717186806,0.010783974468161404,0.005188600709975458,0.01633241967412822,0.010801128483167317,0.9708695652173913,0.01564899019723633,4.422700254225872e-05,0.003341207039092949,0.0007497091850058163,0.0007497091850058163,0.0003777621539085314,0.03439771547248183,0.10935358255451712,0.005111630321910697,0.0001808987963820241,0.239543053464248,-0.1332076918981486,0.0005082999999999999,0.010278899999999999,-0.0051760999999999995,0.0181084,0.0019214999999999998,0.0037653499999999998,0.00031039999999999996,0.006329725455552905
2014-06,0.06100244990871308,0.012626816143746231,0.016712441862947548,0.012750672368181533,0.021148450322327674,0.1970943655684911,0.3526300787774478,0.1970943655684911,0.05074845827520104,0.060760127594,0.062566427594,0.7842040216055758,0.16232134963133146,0.592492711789371,0.776586497878323,0.050239893826690925,0.050239893826690925,0.16714689996259885,0.5116652567386326,0.6101065586933203,0.7996731543200408,0.00012751783623254123,0.00012876865651566887,0.008399206217959318,0.004564982922883336,0.014771835132482829,0.014705984200844065,1.0282,0.013235673722250903,4.7185549364829076e-05,0.003700309757356737,0.000761380636888224,0.000761380636888224,0.00027597519324105697,0.04218428630193337,0.15397778691896338,0.008004936240230359,0.00019341739687967516,0.2366329903723,-0.08944863934974177,0.0021744,0.0114799,-0.0033631,0.0188237,0.0015879,0.0032822999999999997,0.00028455,0.003961769494766016
2014-03,0.5155322645313215,0.11545998204231912,0.15290005251774594,0.1361169621025169,0.21401263814143648,1.3573183196580134,2.2588955461563227,1.3573183196580134,0.1925311859410559,0.007514517104999999,0.007315817105,0.07350598752812287,0.016462597171712747,0.055506848168119384,0.062350789122137415,0.00625277053811398,0.00625277053811398,0.0160272906826447,0.04725980041989664,0.05403912767764809,0.060702100107865926,0.0013604333927456009,0.001603828939584269,0.007140182561013155,0.004165756423886712,-0.0012835917312661502,0.01632591186817256,1.5991764705882352,0.013242688056343542,0.00035411457087900264,0.0026029541230558543,0.0006423344871401658,0.0006423344871401658,0.0002904524027982077,0.09110363391655449,0.3071736204576043,0.012698519515477793,0.00015247776365946632,1.8777936117427987,-0.40964406521235797,0.0027332999999999997,0.011419599999999999,-0.0015268999999999999,0.0154811,0.0015335,0.0032012499999999997,0.0002963,0.016783090415229015
2013-12,0.6427385299395584,0.1458811345516878,0.2529930630574329,0.2301823960574597,0.1570967511539251,1.4472497745716861,2.444636145309752,1.4472497745716861,0.19021908953744787,0.007046710208,0.007335110208000001,0.053906901835985316,0.012235146383303816,0.03108385623290693,0.034164211228546494,0.005433754517133956,0.005433754517133956,0.012735892988853007,0.037410670719640944,0.03235602209086899,0.03556244646562591,0.0018550500324477088,0.002927039624331888,0.007364054162425589,0.004240976268296149,0.0014709032488397001,0.014942996894121149,2.078928571428572,0.01734241126070991,0.0003929493222037718,0.0021182680538555693,0.0005300899399242977,0.0005300899399242977,0.00027208860309791105,0.11090998043052835,0.2817710371819961,0.010489236790606654,0.0001182414834878633,2.179528591145186,-0.4807426188966958,0.0026577999999999997,0.012355699999999999,-0.0015152999999999998,0.016817199999999997,0.0017584999999999999,0.00373495,0.00031095,0.022810666999973212
2013-09,0.4049577934814677,0.08118176090501669,0.1070751979561908,0.08215438583598733,0.15409620989678288,1.3351870844054718,2.174832573425077,1.3351870844054718,0.1847555091097132,0.00700475567,0.007274855669999999,0.09324754619275825,0.01869330612190436,0.07069797809850627,0.09214358945014471,0.005669617455422545,0.005669617455422545,0.019414110989538852,0.06158347303817828,0.073424058033912,0.09569660181531175,0.0010724142787981066,0.0010852626926814708,0.0067544860743510675,0.004031449275362319,0.002286464065013121,0.016786385084062487,0.7375,0.013189563365282216,0.00039530286714482935,0.003686102236421725,0.0007133326216908625,0.0007133326216908625,0.00027806763285024156,0.042966175195143105,0.16249783174327842,0.007732003469210755,0.00014811058923996584,1.5616782221756202,-0.3479457621110716,0.0029628,0.0117793,-0.0010165,0.0160287,0.0017036,0.0033739,0.00029305,0.024920812120203476
2013-06,0.3788444295722382,0.07400352642891157,0.08395646447616228,0.06233456458041072,0.12063647322788365,1.3229899998712984,2.080475081189376,1.3229899998712984,0.18187707263499747,0.005964486036,0.006535486036,0.08644182660869565,0.016885559086147833,0.07619425186509965,0.10262364136269789,0.004835259526241548,0.004835259526241548,0.01850206957506441,0.05998610404772833,0.08348857991824224,0.11244814239504473,0.0011568473726576765,0.000974434337664698,0.006201825640027887,0.0038278560563605804,0.0052409362092703075,0.018783281478014266,0.0,0.011344927536231883,0.0004712895600783665,0.004073913043478261,0.0007488038954788664,0.0007488038954788664,0.0002939616523897206,0.03882936507936508,0.17521329365079363,0.008402777777777778,0.00016363276052430427,1.4842113467983191,-0.2833396611711005,0.0031899999999999997,0.011747899999999999,-0.0008282999999999999,0.0163372,0.00149045,0.00303135,0.0002897,0.021621899895751556
2013-03,0.46422073241751877,0.10164244048322481,0.13312423544592464,0.10864785850333183,0.12832264953852607,1.4424986132892141,2.014398369803029,1.4424986132892141,0.0,0.005771832585,0.004566532585,0.060457029276212416,0.013237237311652867,0.04615988951535509,0.05655886903478688,0.0042599694331685,0.0042599694331685,0.010472977971699196,0.03204584270175439,0.03652057409628919,0.04474799201371876,0.001654067379710737,0.001768069300298321,0.004373237877334121,0.0030426254088722062,-0.008458245614035088,0.017837388757463105,0.0,0.013097308054886353,0.0004315786993672825,0.002609196606263748,0.0006128018714308649,0.0006128018714308649,0.00028427209193655236,0.05438886472379296,0.18966072205306655,0.007359721618094825,0.0001318716602068665,1.8162954846578858,-0.150973146252474,0.0027829,0.012995399999999999,0.00040839999999999995,0.0141646,0.0014027,0.0030011499999999997,0.0002671,0.02447637694259284
2012-12,0.5805844186274386,0.13928828564003598,0.2495004877965654,0.2233533138214707,0.17204946981412608,1.356308764575319,2.0262195979193027,1.356308764575319,0.0,0.006033474216000001,0.004418074216000001,0.04613453292552379,0.011068157866157911,0.025755460667634258,0.028770560373849605,0.00473785923075715,0.00473785923075715,0.008104773657176403,0.023502895073944045,0.01885970381627252,0.021067541919794004,0.002167573694989666,0.0034757751917440195,0.005398049408697564,0.0035056709232589452,-0.008593467390147888,0.01543292305723245,0.0,0.01791252485089463,0.00041319477149481863,0.0019062547790181987,0.0005209862048723217,0.0005209862048723217,0.0002979784586512178,0.09542158859470468,0.22204480651731165,0.006468431771894094,9.997798649838569e-05,2.061711245268273,-0.20764370827635276,0.0025469,0.0121503,0.0003606,0.012721199999999998,0.0016284,0.00357545,0.00027759999999999997,0.02614717397509468
2012-09,0.3847379917802182,0.08796364639962004,0.09773025337552337,0.06027911315357642,0.11495285713368805,1.2645242175482287,1.8260773754891326,1.2645242175482287,0.0,0.008066544522,0.0069919445220000005,0.09809734308646481,0.022428250353111273,0.08829405124781087,0.14315074573203196,0.006823910432281533,0.006823910432281533,0.019440428521381305,0.058632658465408806,0.07653179205341507,0.12408064812777285,0.0010193956008763476,0.0006985642965995645,0.0048941713898993325,0.003285964194838241,-0.009011320754716981,0.014958486845519176,0.0,0.011110300376991369,0.00030843442234955036,0.0030256597348899427,0.0007092809875993994,0.0007092809875993994,0.0003043779534714649,0.026095401313910308,0.10273064838617538,0.0028020565552699227,0.00012456208641494745,1.5819998816573262,-0.21535742786296372,0.0019110999999999998,0.0112851,-2.0099999999999997e-05,0.0121417,0.0015949999999999998,0.0033142999999999996,0.0002444,0.03745114022194695
2012-06,0.37511031711350457,0.09450856403533575,0.1091282591745281,0.07739334584307979,0.08509412298965803,1.1968442879298085,1.6861917247170315,1.1968442879298085,0.0,0.007936212,0.007141712,0.08993893925657297,0.02266000057105331,0.07788999901854943,0.10982856352062,0.007102009915343726,0.007102009915343726,0.020391491305713386,0.05755731785944552,0.07009237412896262,0.09883354553003043,0.001111865459239244,0.0009105099510950563,0.004577345050382118,0.003140040271093213,-0.006403127014829143,0.015711736237144586,0.0,0.011546917497733452,0.0,-0.0,0.0007266653342089484,0.0007266653342089484,0.0003352445732246341,0.03438744515693554,0.11820114748565645,0.0028180897738778266,0.00012791594095308795,1.5953121287347352,-0.1841358635580804,0.0018882999999999999,0.010628499999999999,7.929999999999999e-05,0.011642999999999999,0.0014313499999999999,0.0030959499999999997,0.00026095,0.0317349133314483
2012-03,0.4203311290244727,0.12466412447104633,0.1499251822175026,0.13373879744493253,0.10856355220886764,1.0994513362616851,1.5681056352002918,1.0994513362616851,0.0,0.007777886895,0.006765786895,0.06692382459989675,0.01984863700045935,0.055647756278171284,0.062382795115495666,0.007588330401568811,0.007588330401568811,0.01726582681314755,0.04196097057181841,0.04840657433640981,0.054265214108116785,0.0014942361796841223,0.001603006082283741,0.0047255556205974755,0.0032090847655266543,-0.006276978417266187,0.015829691596953428,0.0,0.012026329375322664,0.0,-0.0,0.0005968968509161435,0.0005968968509161435,0.00031437581989478844,0.09262425447316103,0.25968190854870776,0.0049039098740888,0.00010820190884499566,1.7561031035379617,-0.15087448311370696,0.0018675999999999999,0.009775299999999999,0.00022759999999999998,0.0104032,0.0014006,0.0031060999999999997,0.00025995,0.016186384772570034
2011-12,0.49764725720994035,0.14031605482465329,0.18854164317146077,0.1731932320918198,0.11073626188320386,0.9672398959873949,1.4426110128340213,0.9672398959873949,0.0,0.006025697352,0.004994697352,0.04612444390691977,0.013005195761120586,0.03432663411188334,0.03736866574883722,0.00669120455726564,0.00669120455726564,0.010779999896402133,0.02765460025469243,0.02845332888230603,0.030974867299224808,0.0021680478186751127,0.002676038814768538,0.005399760143913653,0.0035063923680965672,-0.00570843253418969,0.01582656687953304,0.0,0.01343692590324556,0.0,0.0,0.0005622342606781343,0.0005622342606781343,0.0003149674432690852,0.12284114765570332,0.3242337298810357,0.005045486354093773,9.064813415923856e-05,1.7474793106540867,-0.11981749461087106,0.0020164,0.0085686,0.0006144,0.008939599999999999,0.0014949999999999998,0.0031666,0.00026665,0.01534841107964096
2011-09,0.30586697653685446,0.07165748091982975,0.11283645908393546,0.06338057122578328,0.10619329234910599,0.8289352107312028,1.2111228682900228,0.8289352107312028,0.0,0.005357923626,0.004376423626,0.08089874114449645,0.018952683501945525,0.051375238527183814,0.0914633599522021,0.006993308916008614,0.006993308916008614,0.015480805185709233,0.04729734816816168,0.041963981455556625,0.07470849481051554,0.0012361131778476757,0.0010933339869895339,0.0051890621940873195,0.0034163150613125267,-0.01060737058251378,0.0160843761172685,0.0,0.01574664049524385,0.0,-0.0,0.0007163070392642378,0.0007163070392642378,0.00038085089927903,0.02281557646029315,0.061846423102165815,0.0011879238678626119,0.00010541209762999644,1.1560651813595073,-0.10158689456839973,0.0017017999999999998,0.0072182999999999995,0.0005231999999999999,0.0074154,0.0013169499999999999,0.0029871499999999996,0.00024364999999999999,0.04945588785815216
2011-06,0.3095728001542934,0.07918371857924386,0.12035751860676527,0.10993404607348226,0.13100853056125308,0.7513460040285312,1.1360501540225179,0.7513460040285312,0.0,0.005254166481,0.004045066481,0.07189609306239737,0.018389858531377968,0.04730074253691035,0.051785595121230044,0.007577068314033141,0.007577068314033141,0.014157945052675789,0.04102501502028398,0.03641579475153043,0.03986858349103095,0.0013908961633452286,0.001931038926286356,0.005395641953766061,0.00350465538882332,-0.012262677484787021,0.017460813879891283,0.0,0.01519978106185003,0.0,-0.0,0.0006702600539008086,0.0006702600539008086,0.00017890930890425075,0.11546777546777545,0.296995841995842,0.005,9.940149102236534e-05,1.1569889096786017,-0.04333000692369954,0.0020039,0.0067433,0.0009482999999999999,0.0065898,0.0013536,0.0030190499999999997,0.0002493,0.010423472533283058
2011-03,0.2677572198492258,0.06498814104825536,0.06750647221965926,0.06038567373499992,0.17343920455470585,0.6673251957948212,1.0166242421939873,0.6673251957948212,0.0,0.004645838534999999,0.003048038535,0.07759877292467013,0.018834226030729314,0.07470394814278822,0.08351318596081252,0.007557035208289279,0.007557035208289279,0.01235674599667572,0.03668799392152143,0.04901171466473709,0.05479127332374618,0.0012886801714902907,0.0011974156996827268,0.005437318021373847,0.0035221908454859652,-0.019232065479056332,0.01931886381386936,0.0,0.01038750626357107,0.0,-0.0,0.0007147200713503873,0.0007147200713503873,0.0001315013065834949,0.09480182926829268,0.37602134146341465,0.006615853658536586,0.00011634977905703977,0.9878183228007009,0.006735450395931593,0.002267,0.0060228999999999994,0.001357,0.0053351,0.0013384,0.00294125,0.00025135,0.007120798484659347
2010-12,0.2908862670701647,0.06531098864998575,0.10630984211797316,0.09257103820975664,0.11676351635059078,0.5946519829347304,0.9298331110613144,0.5946519829347304,0.0,0.004431916374,0.003358516374,0.07381606219187208,0.016573487805242888,0.04534857642484397,0.05207892331374853,0.008107262967841072,0.008107262967841072,0.01255942699973823,0.04104260508371014,0.034365255029161976,0.03946552730904818,0.0013547187025510425,0.0019201625847284094,0.00586763253210405,0.0036978626271010574,-0.013117438592203347,0.018460600966589618,0.0,0.016277481678880743,0.0,0.0,0.0007090235967241315,0.0007090235967241315,0.0001456042055751539,0.07737925574030088,0.2117260490894695,0.0028186856690419642,0.0001118133203694701,0.9347938010241552,-0.0014821156235110859,0.0020131999999999997,0.0053403,0.0011851,0.005095,0.0013498499999999999,0.0029706,0.0002491,0.013738803908216524
2010-09,0.2236819390825995,0.04736871619563676,0.06248756131378917,0.05354820052756524,0.12382059263673759,0.5254870742120882,0.8147683078218856,0.5254870742120882,0.0,0.004012541931999999,0.0028864419319999998,0.09314164187558033,0.019724435589637712,0.07060605194439556,0.08239305815195072,0.008396020028875729,0.008396020028875729,0.014188870530403581,0.04997302513850416,0.0507908135139891,0.059269854866529775,0.0010736336399736347,0.001213694481585794,0.005731623108953568,0.0036433768272082783,-0.019496191135734073,0.020112923462986203,0.0,0.013191736304549674,0.0,-0.0,0.0007722558128103032,0.0007722558128103032,0.00014404852160727826,0.06990159901599016,0.2502214022140221,0.004046740467404674,0.00011011158629504007,0.7483729563951573,0.0317330814625366,0.0020956,0.0046708,0.0014286,0.0042117,0.0013239999999999999,0.0028563,0.00025739999999999997,0.008939360786223928
2010-06,0.1729528224358367,0.035835384164571764,0.05288831213467846,0.045992231443924725,0.10691128291336276,0.47491523108479966,0.7016486700258437,0.47491523108479966,0.0,0.003362350448,0.002391850448,0.10336152622194897,0.021416244891719744,0.07003437717142263,0.0805353400718563,0.007799286604346919,0.007799286604346919,0.015234716229299363,0.05306967934324384,0.04981983853363881,0.057289831089820366,0.0009674779742055012,0.001241690913712871,0.00501356962260212,0.0033393588258014677,-0.0215331706234746,0.02308032282859339,0.0,0.014758684291423302,0.0,-0.0,0.0009159235668789807,0.0009159235668789807,0.00015944380069524914,0.07669329073482428,0.2507987220447284,0.004361022364217253,0.0001394904458598726,0.6188071746589797,0.06312502616324543,0.0020421,0.0042079,0.0014418999999999999,0.0038375999999999996,0.0012208499999999999,0.002679,0.00025194999999999997,0.006896080690753745
2010-03,0.32225897111684126,0.07124991027502775,0.08957036922516276,0.08203899309255754,0.110629510405336,0.4345228564013937,0.621879641541834,0.4345228564013937,0.0,0.0034863482499999997,0.00248454825,0.05403515576565407,0.011946913336988553,0.04298296449266428,0.04692890362094494,0.008860293407542949,0.008860293407542949,0.008513975224453432,0.0272159957279001,0.030631836395019114,0.03344391237044017,0.0018506470201305907,0.0021308829374690266,0.004500609942055505,0.003103738366896261,-0.010973819695475957,0.02644206394635702,0.0,0.012571295722256666,-6.369090732650799e-06,0.0,0.0008594338976081146,0.0008594338976081146,0.000130220656536446,0.11892961876832846,0.42788856304985345,0.0062316715542522,0.0001494071688026866,0.8346218167221495,0.08756605138342102,0.0020107,0.0038604999999999998,0.0014627,0.0034067,0.0011928,0.00253885,0.00023674999999999998,0.0075313761326052265
2009-12,0.024874898630208198,0.005357865687230971,0.009169278134364191,0.00856497179131061,0.01206867969631156,0.056731835376221826,0.0847488097691312,0.056731835376221826,0.0,0.018290077751210998,0.017529177751211,0.541446943493517,0.11662359083855767,0.31638259386284384,0.33870514354094444,0.05113531019685473,0.05113531019685473,0.11177184053568195,0.35291277936804927,0.30322051117818716,0.32461440280020376,0.000184690302903515,0.00029524204727027263,0.0050766047864012525,0.003367206913177317,-0.015319106100261728,0.025450103077040542,0.0,0.01711367673179396,0.0,-0.0,0.0008212714404131863,0.0008212714404131863,9.160701702332826e-05,-0.15173228346456694,-0.4116272965879265,-0.005485564304461942,0.00013071478671172607,0.08269906267943815,0.014661169769070302,0.0020234999999999997,0.0035274,0.0015174,0.0032725999999999996,0.0012029999999999999,0.0025811,0.00023365,-0.0006043063430535818
2009-09,0.0194666724783144,0.004037815574268211,0.004959560203781255,0.004206855246808665,0.008392979213022747,0.05045674753943373,0.07502809918569148,0.05045674753943373,0.0,0.018141185166257998,0.017614885166257997,0.7164765073561611,0.14861296933118703,0.5833178510050805,0.687687079842987,0.057336236302964604,0.057336236302964604,0.1443015086938478,0.44798792386210573,0.5663950214230868,0.6677363596003791,0.0001395719175343315,0.00014541497569335173,0.005012958280657396,0.0033390875981558284,-0.01338504577822991,0.013858856248913611,0.0,0.012282780410742496,0.0,-0.0,0.000870811829278283,0.000870811829278283,9.536641333866657e-05,-0.06588983050847456,-0.2586228813559322,-0.004300847457627119,0.00014745637748832637,0.06770552727390139,0.018535758243922982,0.00044399999999999995,0.0031187,8.5e-06,0.0030278999999999996,0.00130135,0.0025356,0.00022759999999999998,-0.0007527049569725892
2009-06,0.015559502709725599,0.002922002358062297,0.003628525904158323,0.0031457880966447483,0.008959421891104581,0.04138118000301791,0.07620543786556999,0.04138118000301791,0.0,0.014307435407999999,0.013746935407999998,0.7826824621444202,0.14698413199095953,0.6302834981497797,0.7270038317073171,0.0552666695302843,0.0552666695302843,0.14122596474214097,0.47832064745998615,0.6055918681938326,0.6985231406504063,0.00012776573493932208,0.0001375508568712177,0.00859548825710754,0.004622351474864977,-0.019502435629784275,0.007784646779905168,0.0,0.012417943107221005,0.0,-0.0,0.0010376001643723034,0.0010376001643723034,9.680099709181552e-05,-0.07516556291390729,-0.32231788079470197,-0.006026490066225166,0.00018389151427984383,0.052159446650006935,0.006672811183660317,-0.00036909999999999997,0.0025421999999999997,-0.0009281999999999999,0.0025407999999999997,0.0011828,0.00249825,0.00022385,-0.0004827378075135742
